{
    "1": {
        "detection": {
            "passed": true,
            "face": {
                "passed": true,
                "detected": true
            },
            "glasses": {
                "passed": true,
                "detected": true
            },
            "shoulders": {
                "passed": true,
                "detected": false
            },
            "errors": []
        },
        "crop": {
            "success": true,
            "details": {
                "head_ratio": 58,
                "eye_level_ratio": 63,
                "top_padding_ratio": 5.093561459612978,
                "bottom_padding_ratio": 36.90643854038702,
                "dimensions": {
                    "x": 3596,
                    "y": 3596
                }
            },
            "errors": [
                {
                    "code": "head_too_close",
                    "message": "The head is too close to the top or bottom edges of the image.",
                    "message_ar": "\u0644\u0627 \u064a\u0645\u0643\u0646 \u0642\u0635 \u0627\u0644\u0635\u0648\u0631\u0629 \u0628\u0627\u0644\u0623\u0628\u0639\u0627\u062f \u0627\u0644\u0645\u0637\u0644\u0648\u0628\u0629 (\u0627\u0644\u0631\u0623\u0633 \u0642\u0631\u064a\u0628 \u062c\u062f\u0627\u064b \u0645\u0646 \u062d\u0648\u0627\u0641 \u0627\u0644\u0635\u0648\u0631\u0629)."
                }
            ]
        },
        "save": {
            "success": true,
            "path": "images/output\\1_90.jpg",
            "size": 182.9150390625,
            "quality": 90,
            "dimensions": {
                "x": 1000,
                "y": 999
            }
        }
    },
    "2": {
        "detection": {
            "passed": true,
            "face": {
                "passed": true,
                "detected": true
            },
            "glasses": {
                "passed": true,
                "detected": true
            },
            "shoulders": {
                "passed": true,
                "detected": true
            },
            "errors": []
        },
        "crop": {
            "success": true,
            "details": {
                "head_ratio": 50,
                "eye_level_ratio": 60,
                "top_padding_ratio": 11.741798583136358,
                "bottom_padding_ratio": 38.25820141686364,
                "dimensions": {
                    "x": 2446,
                    "y": 2446
                }
            },
            "errors": []
        },
        "save": {
            "success": true,
            "path": "images/output\\2_90.jpg",
            "size": 179.65625,
            "quality": 90,
            "dimensions": {
                "x": 1000,
                "y": 1000
            }
        }
    },
    "3": null,
    "4": null,
    "18": {
        "detection": {
            "passed": true,
            "face": {
                "passed": true,
                "detected": true
            },
            "glasses": {
                "passed": true,
                "detected": true
            },
            "shoulders": {
                "passed": true,
                "detected": false
            },
            "errors": []
        },
        "crop": {
            "success": true,
            "details": {
                "head_ratio": 50,
                "eye_level_ratio": 65,
                "top_padding_ratio": 8.268589677847807,
                "bottom_padding_ratio": 41.73141032215219,
                "dimensions": {
                    "x": 3084,
                    "y": 3084
                }
            },
            "errors": [
                {
                    "code": "head_too_high",
                    "message": "The head is too close to the top edge of the image.",
                    "message_ar": "\u0644\u0627 \u064a\u0645\u0643\u0646 \u0642\u0635 \u0627\u0644\u0635\u0648\u0631\u0629 \u0628\u0627\u0644\u0623\u0628\u0639\u0627\u062f \u0627\u0644\u0645\u0637\u0644\u0648\u0628\u0629 (\u0627\u0644\u0631\u0623\u0633 \u0642\u0631\u064a\u0628 \u062c\u062f\u0627\u064b \u0645\u0646 \u062d\u0627\u0641\u0629 \u0627\u0644\u0635\u0648\u0631\u0629 \u0627\u0644\u0639\u0644\u0648\u064a\u0629)."
                }
            ]
        },
        "save": {
            "success": true,
            "path": "images/output\\18_90.jpg",
            "size": 223.748046875,
            "quality": 90,
            "dimensions": {
                "x": 1000,
                "y": 1000
            }
        }
    },
    "19": {
        "detection": {
            "passed": true,
            "face": {
                "passed": true,
                "detected": true
            },
            "glasses": {
                "passed": true,
                "detected": true
            },
            "shoulders": {
                "passed": true,
                "detected": true
            },
            "errors": []
        },
        "crop": {
            "success": true,
            "details": {
                "head_ratio": 53,
                "eye_level_ratio": 60,
                "top_padding_ratio": 10.873509320570292,
                "bottom_padding_ratio": 36.12649067942971,
                "dimensions": {
                    "x": 3545,
                    "y": 3545
                }
            },
            "errors": [
                {
                    "code": "image_too_slim",
                    "message": "The image is too slim to be cropped at the right dimensions (image width is too small).",
                    "message_ar": "\u0644\u0627 \u064a\u0645\u0643\u0646 \u0642\u0635 \u0627\u0644\u0635\u0648\u0631\u0629 \u0628\u0627\u0644\u0623\u0628\u0639\u0627\u062f \u0627\u0644\u0645\u0637\u0644\u0648\u0628\u0629 (\u0639\u0631\u0636\u0627\u0644\u0635\u0648\u0631\u0629 \u0635\u063a\u064a\u0631 \u062c\u062f\u0627\u064b)."
                }
            ]
        },
        "save": {
            "success": true,
            "path": "images/output\\19_95.jpg",
            "size": 166.93359375,
            "quality": 95,
            "dimensions": {
                "x": 1000,
                "y": 1000
            }
        }
    },
    "20": null,
    "21": null
}